Username,Password,Password confirmation
Username@1,qJ:b0\Y0,qJ:b0\Y0
Username@2,;9]bbK;1,;9]bbK;1
Username@3,+zOqzZM6,+zOqzZM6
Username@4,hyW.WT0h,hyW.WT0h
Username@5,M;QD/L0p,M;QD/L0p
Username@6,~b'F8~SQ,~b'F8~SQ
Username@7,/A=Vtq}6,/A=Vtq}6
Username@8,>Pl;~.f1,>Pl;~.f1
Username@9,p9#>IZcl,p9#>IZcl
Username@10,@*]wzHi1,@*]wzHi1
Username@11,S1v5!=xy,S1v5!=xy
Username@12,z7h5k$Rs,z7h5k$Rs
Username@13,":*,Eh(7Q",":*,Eh(7Q"
Username@14,0Inw(\++,0Inw(\++
Username@15,"p""79wt[R","p""79wt[R"
Username@16,}1VA@nHQ,}1VA@nHQ
Username@17,1RT}:SfY,1RT}:SfY
Username@18,AWee)B4p,AWee)B4p
Username@19,jAr!^C?3,jAr!^C?3
Username@20,e(tC0(y;,e(tC0(y;
Username@21,`yjJ(ZI8,`yjJ(ZI8
Username@22,*35sYMCk,*35sYMCk
Username@23,L#19Kn3J,L#19Kn3J
Username@24,"(,3Ot@*X","(,3Ot@*X"
Username@25,Ybq~f[w5,Ybq~f[w5
Username@26,"A""?4KSJu","A""?4KSJu"
Username@27,1N\pGyl{,1N\pGyl{
Username@28,K1amo'q3,K1amo'q3
Username@29,4'LLL%)e,4'LLL%)e
Username@30,I-pA2~vT,I-pA2~vT
Username@31,F%VtMc3(,F%VtMc3(
Username@32,`Ve3V=5l,`Ve3V=5l
Username@33,;UiT6ZVh,;UiT6ZVh
Username@34,"RG8""3yf/","RG8""3yf/"
Username@35,"XdId>,8;","XdId>,8;"
Username@36,"""8mHlvZ|","""8mHlvZ|"
Username@37,pgv`7R_W,pgv`7R_W
Username@38,",%ql>2VR",",%ql>2VR"
Username@39,1_9ARdEd,1_9ARdEd
Username@40,NNqI8JG$,NNqI8JG$
Username@41,";""8oXVas",";""8oXVas"
Username@42,U\kBT3eS,U\kBT3eS
Username@43,-q1BrhVT,-q1BrhVT
Username@44,\m9+Y%RM,\m9+Y%RM
Username@45,"}<E<3,""s","}<E<3,""s"
Username@46,6>}^Sgr7,6>}^Sgr7
Username@47,wi}&>I}5,wi}&>I}5
Username@48,=a7'JMb<,=a7'JMb<
Username@49,K;\p1-'_,K;\p1-'_
Username@50,-QI4kP\7,-QI4kP\7
Username@51,>2r=D#Ut,>2r=D#Ut
Username@52,uEQB!U7z,uEQB!U7z
Username@53,P)d1N.mO,P)d1N.mO
Username@54,nO5M5;nU,nO5M5;nU
Username@55,=.+ikqK7,=.+ikqK7
Username@56,2REcSUP|,2REcSUP|
Username@57,"a+""CK1v8","a+""CK1v8"
Username@58,L<Z!4s(),L<Z!4s()
Username@59,9@m;%E|*,9@m;%E|*
Username@60,c$)>4kIA,c$)>4kIA
Username@61,"m(,""C8\:","m(,""C8\:"
Username@62,"^BLr,1oX","^BLr,1oX"
Username@63,"2,q.Y{nw","2,q.Y{nw"
Username@64,"Z]f6,&~'","Z]f6,&~'"
Username@65,my(0vn>P,my(0vn>P
Username@66,"D/n""0}w$","D/n""0}w$"
Username@67,"Kz""*(3p%","Kz""*(3p%"
Username@68,c9}p+M_v,c9}p+M_v
Username@69,"ac""8Hhak","ac""8Hhak"
Username@70,2P?O\fy3,2P?O\fy3
Username@71,"""7P(fc.J","""7P(fc.J"
Username@72,Uk?R21&8,Uk?R21&8
Username@73,"DCm7EW""D","DCm7EW""D"
Username@74,"ME3~o""4L","ME3~o""4L"
Username@75,#%8tUkp;,#%8tUkp;
Username@76,ch+`5XBR,ch+`5XBR
Username@77,36b|eoH?,36b|eoH?
Username@78,oE+2??QG,oE+2??QG
Username@79,uI;3>52P,uI;3>52P
Username@80,9OPmip@~,9OPmip@~
Username@81,D!2{L{tQ,D!2{L{tQ
Username@82,"%<&rO""9k","%<&rO""9k"
Username@83,'3a2euGn,'3a2euGn
Username@84,Q7.Pz_6\,Q7.Pz_6\
Username@85,)i*G4l}e,)i*G4l}e
Username@86,3|bW*wMd,3|bW*wMd
Username@87,|hK]j2+m,|hK]j2+m
Username@88,gaYVv4?x,gaYVv4?x
Username@89,~+hy9U@8,~+hy9U@8
Username@90,bF9WOdq-,bF9WOdq-
Username@91,7OL%;Cp;,7OL%;Cp;
Username@92,U#o~#?/6,U#o~#?/6
Username@93,q51~Es%#,q51~Es%#
Username@94,}vsU6Ki\,}vsU6Ki\
Username@95,Aw_1FK${,Aw_1FK${
Username@96,:[/L(9vo,:[/L(9vo
Username@97,*DI2k?+?,*DI2k?+?
Username@98,I@1q_|vt,I@1q_|vt
Username@99,YA8k.l8V,YA8k.l8V
Username@100,3be$_m'W,3be$_m'W
Username@101,.L>RA2Ld,.L>RA2Ld
Username@102,kF8No@2t,kF8No@2t
Username@103,z8eMS4d/,z8eMS4d/
Username@104,Q1bUw'Ra,Q1bUw'Ra
Username@105,3#tKtW+5,3#tKtW+5
Username@106,"""2c63M]$","""2c63M]$"
Username@107,EsQpIQ8[,EsQpIQ8[
Username@108,|97unpU[,|97unpU[
Username@109,6K@n&^'^,6K@n&^'^
Username@110,N8#aQrO\,N8#aQrO\
Username@111,",:ii5iD6",",:ii5iD6"
Username@112,YBmIy2:],YBmIy2:]
Username@113,{03o/4Bt,{03o/4Bt
Username@114,1RkG|&.:,1RkG|&.:
Username@115,='6/zWi),='6/zWi)
Username@116,aLeCu/3I,aLeCu/3I
Username@117,4?k-7XuA,4?k-7XuA
Username@118,Ot{EC0Q@,Ot{EC0Q@
Username@119,q])3L5vO,q])3L5vO
Username@120,4}LS=lq*,4}LS=lq*
Username@121,D~[Im.g1,D~[Im.g1
Username@122,"=:0>;,Pw","=:0>;,Pw"
Username@123,`ku19Y9*,`ku19Y9*
Username@124,z5_WTRq|,z5_WTRq|
Username@125,Qd%s'fn0,Qd%s'fn0
Username@126,"_;oh~""D0","_;oh~""D0"
Username@127,(7-r)/;G,(7-r)/;G
Username@128,|VT80m'D,|VT80m'D
Username@129,-@[1hF5o,-@[1hF5o
Username@130,sR8K+;1M,sR8K+;1M
Username@131,6o0nY`7;,6o0nY`7;
Username@132,0hj<8Z6x,0hj<8Z6x
Username@133,+T5n[4Q^,+T5n[4Q^
Username@134,nRU~0v&w,nRU~0v&w
Username@135,gK@HnCW2,gK@HnCW2
Username@136,#%P/B5aJ,#%P/B5aJ
Username@137,R@U\x|F5,R@U\x|F5
Username@138,S}L`9Uy#,S}L`9Uy#
Username@139,8Lz?LgJn,8Lz?LgJn
Username@140,;#:8*pDU,;#:8*pDU
Username@141,WhdS\4#6,WhdS\4#6
Username@142,lhS?<1g`,lhS?<1g`
Username@143,Q`zz}NJ9,Q`zz}NJ9
Username@144,@7'')Amn,@7'')Amn
Username@145,mAHk5'L<,mAHk5'L<
Username@146,--D0ZNa5,--D0ZNa5
Username@147,lRWV6~3z,lRWV6~3z
Username@148,%3H/W!Ju,%3H/W!Ju
Username@149,"""ZdYvO_7","""ZdYvO_7"
Username@150,gByy7S/(,gByy7S/(
Username@151,Z3g10dU},Z3g10dU}
Username@152,Mr]&=+7$,Mr]&=+7$
Username@153,NzW4=mv/,NzW4=mv/
Username@154,(-t7(tzZ,(-t7(tzZ
Username@155,>]MdS~0M,>]MdS~0M
Username@156,">k0bD,'U",">k0bD,'U"
Username@157,GqR[3*%v,GqR[3*%v
Username@158,0u2*vFm$,0u2*vFm$
Username@159,"0m}1dQ""9","0m}1dQ""9"
Username@160,5cE@HzzQ,5cE@HzzQ
Username@161,qa|DdR0h,qa|DdR0h
Username@162,q9Y%ho(3,q9Y%ho(3
Username@163,~)uuI1KG,~)uuI1KG
Username@164,8MwBtOK$,8MwBtOK$
Username@165,h1hW>0M(,h1hW>0M(
Username@166,s6+!>i9Q,s6+!>i9Q
Username@167,AQr|q3rd,AQr|q3rd
Username@168,Way'AI43,Way'AI43
Username@169,3s6M{-j<,3s6M{-j<
Username@170,:p03VrwH,:p03VrwH
Username@171,`7ltMv`r,`7ltMv`r
Username@172,QB$8es^U,QB$8es^U
Username@173,]B+Io{1c,]B+Io{1c
Username@174,2MZ<8uRO,2MZ<8uRO
Username@175,~li3?L4c,~li3?L4c
Username@176,s%]8&AkH,s%]8&AkH
Username@177,#RaD~l}5,#RaD~l}5
Username@178,kn:pb0Xe,kn:pb0Xe
Username@179,"#U%""(9iY","#U%""(9iY"
Username@180,&8q`p4E),&8q`p4E)
Username@181,W7l=)!6[,W7l=)!6[
Username@182,*4+2:Jis,*4+2:Jis
Username@183,S'^gX'[2,S'^gX'[2
Username@184,Vc}\<7|V,Vc}\<7|V
Username@185,M*`Y5E)k,M*`Y5E)k
Username@186,oZgl5^[_,oZgl5^[_
Username@187,T|1i'X<k,T|1i'X<k
Username@188,Rh(EVi6b,Rh(EVi6b
Username@189,&y(p`3Qh,&y(p`3Qh
Username@190,3*-\/w)Q,3*-\/w)Q
Username@191,tA$01N<6,tA$01N<6
Username@192,R'>B5i6%,R'>B5i6%
Username@193,p0tNgiO),p0tNgiO)
Username@194,++2'.x/K,++2'.x/K
Username@195,{c@T+2YA,{c@T+2YA
Username@196,\<hn#W>5,\<hn#W>5
Username@197,G[8b)sAh,G[8b)sAh
Username@198,[M2Ex7Sp,[M2Ex7Sp
Username@199,j_4tI2&\,j_4tI2&\
Username@200,0-|b^$X],0-|b^$X]
Username@201,4j4@l[BY,4j4@l[BY
Username@202,7;)NcqOx,7;)NcqOx
Username@203,nzv'7Ns{,nzv'7Ns{
Username@204,"""aL2((sD","""aL2((sD"
Username@205,"""]Sjbz37","""]Sjbz37"
Username@206,]25lY](C,]25lY](C
Username@207,5l5[(-yJ,5l5[(-yJ
Username@208,dt}h7S[H,dt}h7S[H
Username@209,XSnqL7'>,XSnqL7'>
Username@210,[k3`UY9a,[k3`UY9a
Username@211,"o3m[,@xB","o3m[,@xB"
Username@212,%o*Kb5=n,%o*Kb5=n
Username@213,"5VoIS""{S","5VoIS""{S"
Username@214,*`A51a{',*`A51a{'
Username@215,8.8]riU},8.8]riU}
Username@216,"G,bW6Rkz","G,bW6Rkz"
Username@217,"vj9QjVd""","vj9QjVd"""
Username@218,q5ci]AG#,q5ci]AG#
Username@219,UK!5JvMZ,UK!5JvMZ
Username@220,BrIIq/9y,BrIIq/9y
Username@221,3K->:ch&,3K->:ch&
Username@222,b\\j=J9<,b\\j=J9<
Username@223,9KyA#3EW,9KyA#3EW
Username@224,'>9M42Mt,'>9M42Mt
Username@225,;Xackp0n,;Xackp0n
Username@226,"X/t2Q,'F","X/t2Q,'F"
Username@227,"h,6i)^Ed","h,6i)^Ed"
Username@228,(.#sg|D4,(.#sg|D4
Username@229,c0szHlO(,c0szHlO(
Username@230,~6{FmH^k,~6{FmH^k
Username@231,=+Pf1F1l,=+Pf1F1l
Username@232,[XB)j0o=,[XB)j0o=
Username@233,lAO:]07E,lAO:]07E
Username@234,%'Xn4Z;1,%'Xn4Z;1
Username@235,*\R;[e2r,*\R;[e2r
Username@236,z^/~6ZZ&,z^/~6ZZ&
Username@237,j1m*U#NA,j1m*U#NA
Username@238,_*R[4h?U,_*R[4h?U
Username@239,b/&4jQ/n,b/&4jQ/n
Username@240,IE3YdG|3,IE3YdG|3
Username@241,"2F/,tmA!","2F/,tmA!"
Username@242,N6+Nt/=F,N6+Nt/=F
Username@243,0Wx?@Z^],0Wx?@Z^]
Username@244,S~_Vj5nj,S~_Vj5nj
Username@245,J9$y`yBW,J9$y`yBW
Username@246,"|oFV#4""k","|oFV#4""k"
Username@247,w3Ys$XaN,w3Ys$XaN
Username@248,sdR*0vI[,sdR*0vI[
Username@249,nW7U{)ix,nW7U{)ix
Username@250,Vkn6a;)p,Vkn6a;)p
Username@251,9v1O1T3},9v1O1T3}
Username@252,rr8Z-29U,rr8Z-29U
Username@253,&t)]2EI6,&t)]2EI6
Username@254,Dz7y!cr3,Dz7y!cr3
Username@255,a>Kce1U],a>Kce1U]
Username@256,^3hDB$\x,^3hDB$\x
Username@257,jd%gS]8/,jd%gS]8/
Username@258,o/U4xM22,o/U4xM22
Username@259,K@M+pUQ3,K@M+pUQ3
Username@260,-PnL6V~L,-PnL6V~L
Username@261,$z4&pKd-,$z4&pKd-
Username@262,)[mE9t1},)[mE9t1}
Username@263,)%38TlEs,)%38TlEs
Username@264,pj0g.Q|f,pj0g.Q|f
Username@265,z~E4VpER,z~E4VpER
Username@266,<LJJNx3g,<LJJNx3g
Username@267,2Rjr?(!k,2Rjr?(!k
Username@268,"kT1He,vM","kT1He,vM"
Username@269,-=X7CWBw,-=X7CWBw
Username@270,w&4Qq#{3,w&4Qq#{3
Username@271,"VO,TU0]r","VO,TU0]r"
Username@272,;am7Ed'd,;am7Ed'd
Username@273,8pT?yWA:,8pT?yWA:
Username@274,%o5'9$C3,%o5'9$C3
Username@275,"X8,RPaU8","X8,RPaU8"
Username@276,":,0mwP|F",":,0mwP|F"
Username@277,#o4N4y%L,#o4N4y%L
Username@278,\ZU8@N/k,\ZU8@N/k
Username@279,3b=:B.N{,3b=:B.N{
Username@280,aW3)?l=i,aW3)?l=i
Username@281,AKGG40.l,AKGG40.l
Username@282,r3RZp8:[,r3RZp8:[
Username@283,"j<:Lr,2m","j<:Lr,2m"
Username@284,~3CCwK!C,~3CCwK!C
Username@285,]URNA|m3,]URNA|m3
Username@286,}jmkI&5m,}jmkI&5m
Username@287,6L0sJ);4,6L0sJ);4
Username@288,CW~d87FL,CW~d87FL
Username@289,HZq_.;57,HZq_.;57
Username@290,Xjb$haf7,Xjb$haf7
Username@291,?iodLzc6,?iodLzc6
Username@292,bj;{e4rW,bj;{e4rW
Username@293,1)fwBL+k,1)fwBL+k
Username@294,3>Q4Ts5y,3>Q4Ts5y
Username@295,#Qxqe0Xi,#Qxqe0Xi
Username@296,"Bfy}y2,,","Bfy}y2,,"
Username@297,IbJG\J9T,IbJG\J9T
Username@298,"45Q""dWV0","45Q""dWV0"
Username@299,@5{+8Xkv,@5{+8Xkv
Username@300,PxJr0]}<,PxJr0]}<
Username@301,$1/a'(AQ,$1/a'(AQ
Username@302,QrM9k9.*,QrM9k9.*
Username@303,k$h`l}3N,k$h`l}3N
Username@304,_VdP3)aI,_VdP3)aI
Username@305,"<S(^9,i[","<S(^9,i["
Username@306,2Ne_7R;X,2Ne_7R;X
Username@307,7%*lp)SO,7%*lp)SO
Username@308,@M<UT2$j,@M<UT2$j
Username@309,"}""Y-6w!5","}""Y-6w!5"
Username@310,L\uNx3NI,L\uNx3NI
Username@311,"w""~i.Q1{","w""~i.Q1{"
Username@312,"=O]0z3p,","=O]0z3p,"
Username@313,Ut7qVO\@,Ut7qVO\@
Username@314,7jp=F$^b,7jp=F$^b
Username@315,'<gXA*y9,'<gXA*y9
Username@316,y8#R*!X^,y8#R*!X^
Username@317,"_7F.O,Ts","_7F.O,Ts"
Username@318,A0YzG=tr,A0YzG=tr
Username@319,X:[ql80+,X:[ql80+
Username@320,O;4mOhs&,O;4mOhs&
Username@321,7d>V.DML,7d>V.DML
Username@322,;CJ5K^nL,;CJ5K^nL
Username@323,"5c""W-zqd","5c""W-zqd"
Username@324,z`Jh9RHY,z`Jh9RHY
Username@325,O>N0nUs},O>N0nUs}
Username@326,_/-J&-r6,_/-J&-r6
Username@327,Dk4If\YB,Dk4If\YB
Username@328,YAB*Q8-b,YAB*Q8-b
Username@329,-?bDtJl6,-?bDtJl6
Username@330,QeO?FD0~,QeO?FD0~
Username@331,A_lk4{g0,A_lk4{g0
Username@332,"1VDuy[=""","1VDuy[="""
Username@333,";}>oNw""7",";}>oNw""7"
Username@334,*vo3?VeP,*vo3?VeP
Username@335,"sQO'b,3@","sQO'b,3@"
Username@336,2Q?pW/te,2Q?pW/te
Username@337,#e&X99`L,#e&X99`L
Username@338,cR8]ukLJ,cR8]ukLJ
Username@339,/<8}\D=i,/<8}\D=i
Username@340,U2[]k%HH,U2[]k%HH
Username@341,G.%!N01m,G.%!N01m
Username@342,F;wan9}C,F;wan9}C
Username@343,"},Ij6NWT","},Ij6NWT"
Username@344,2=H-2Hfa,2=H-2Hfa
Username@345,6D~S|Yo),6D~S|Yo)
Username@346,u81R=02q,u81R=02q
Username@347,4O@=h|b+,4O@=h|b+
Username@348,|=4vAPx|,|=4vAPx|
Username@349,H^5t83rH,H^5t83rH
Username@350,QR[0p:.w,QR[0p:.w
Username@351,^@b{c1Pi,^@b{c1Pi
Username@352,Y=IP2kxh,Y=IP2kxh
Username@353,"+:{4y,^P","+:{4y,^P"
Username@354,VW5Y'T;i,VW5Y'T;i
Username@355,'5A$'e&U,'5A$'e&U
Username@356,D!h+9EhP,D!h+9EhP
Username@357,~u^U|t4m,~u^U|t4m
Username@358,5l4=nZf1,5l4=nZf1
Username@359,6MZB9m=z,6MZB9m=z
Username@360,SnZ\HP4[,SnZ\HP4[
Username@361,oX%:5KX`,oX%:5KX`
Username@362,|Tn17+i(,|Tn17+i(
Username@363,"9""oIzfLP","9""oIzfLP"
Username@364,~xL<Yx6l,~xL<Yx6l
Username@365,)H76UQcc,)H76UQcc
Username@366,@C:[Mg1n,@C:[Mg1n
Username@367,u/NcOL6I,u/NcOL6I
Username@368,:009s9wE,:009s9wE
Username@369,2g--5KS!,2g--5KS!
Username@370,zSz?5#*{,zSz?5#*{
Username@371,"=F*""l2z?","=F*""l2z?"
Username@372,~b0=OZ5k,~b0=OZ5k
Username@373,iwi]h8OK,iwi]h8OK
Username@374,0u:Poec9,0u:Poec9
Username@375,D7|yaa{o,D7|yaa{o
Username@376,"&R~SI,7n","&R~SI,7n"
Username@377,_MBuU3v@,_MBuU3v@
Username@378,=*Qv9w?y,=*Qv9w?y
Username@379,Z3Js//S!,Z3Js//S!
Username@380,d?C/p2Kv,d?C/p2Kv
Username@381,"~dy7g""wR","~dy7g""wR"
Username@382,7>hGCL]=,7>hGCL]=
Username@383,PLrm7;ZK,PLrm7;ZK
Username@384,9vgpV8P!,9vgpV8P!
Username@385,6nBL&/5Z,6nBL&/5Z
Username@386,q\t~6Gp\,q\t~6Gp\
Username@387,:XVxgr%2,:XVxgr%2
Username@388,JI\yB$O1,JI\yB$O1
Username@389,OU_kw%4G,OU_kw%4G
Username@390,0jw1\q?B,0jw1\q?B
Username@391,Yo4?dt\s,Yo4?dt\s
Username@392,z@h~4iM.,z@h~4iM.
Username@393,"8Tk)4""<""","8Tk)4""<"""
Username@394,}Hd1o=el,}Hd1o=el
Username@395,6b.$'I\`,6b.$'I\`
Username@396,3L6#YvCK,3L6#YvCK
Username@397,V7lU-ic4,V7lU-ic4
Username@398,"C1LT""_]i","C1LT""_]i"
Username@399,qJ|Q9/Ot,qJ|Q9/Ot
Username@400,Dd~Ai6^R,Dd~Ai6^R
Username@401,5*pZcR[r,5*pZcR[r
Username@402,J?6D&>r),J?6D&>r)
Username@403,8Hh?Y6?P,8Hh?Y6?P
Username@404,p8)UR&Zb,p8)UR&Zb
Username@405,?%42lxD8,?%42lxD8
Username@406,&L]q1m^o,&L]q1m^o
Username@407,S<jva2T-,S<jva2T-
Username@408,EYG7Q:2n,EYG7Q:2n
Username@409,+U.4iAo<,+U.4iAo<
Username@410,kM-H3!#',kM-H3!#'
Username@411,H45hz\J1,H45hz\J1
Username@412,4{imFOlU,4{imFOlU
Username@413,5x%5O5WK,5x%5O5WK
Username@414,.89R1*xe,.89R1*xe
Username@415,%w34J)d8,%w34J)d8
Username@416,5KIwB9]k,5KIwB9]k
Username@417,8Vvt3c<#,8Vvt3c<#
Username@418,"Aiw=F5N""","Aiw=F5N"""
Username@419,Km@6Mt!d,Km@6Mt!d
Username@420,A:5z`1VD,A:5z`1VD
Username@421,M5Bl}sTK,M5Bl}sTK
Username@422,"8E2!xTA,","8E2!xTA,"
Username@423,.3dD(f?`,.3dD(f?`
Username@424,R0u3y?+6,R0u3y?+6
Username@425,xkF?Ydy3,xkF?Ydy3
Username@426,{{.g~N1d,{{.g~N1d
Username@427,-9!s\3K[,-9!s\3K[
Username@428,Vd?t7$?v,Vd?t7$?v
Username@429,"76DSdE3""","76DSdE3"""
Username@430,"+,e5';RP","+,e5';RP"
Username@431,8\Kdk67f,8\Kdk67f
Username@432,o3EL'?CH,o3EL'?CH
Username@433,+h`A'NA2,+h`A'NA2
Username@434,7vb&|{S@,7vb&|{S@
Username@435,w`eP?pu7,w`eP?pu7
Username@436,6o/@CB_k,6o/@CB_k
Username@437,&2S)'-lC,&2S)'-lC
Username@438,(zMq=H2#,(zMq=H2#
Username@439,082vQP.M,082vQP.M
Username@440,"b""op64]Z","b""op64]Z"
Username@441,9^Xo_L`c,9^Xo_L`c
Username@442,[+E?V1n],[+E?V1n]
Username@443,8ju$~cG5,8ju$~cG5
Username@444,f2z-FEU',f2z-FEU'
Username@445,1Mf$I?xC,1Mf$I?xC
Username@446,&Lu3DlFY,&Lu3DlFY
Username@447,f=Fbrb=2,f=Fbrb=2
Username@448,+\i;@V72,+\i;@V72
Username@449,7/%1kK8],7/%1kK8]
Username@450,d_+.AZ&9,d_+.AZ&9
Username@451,!wA*0<s{,!wA*0<s{
Username@452,"""lF'Ck6%","""lF'Ck6%"
Username@453,ldS7TcN\,ldS7TcN\
Username@454,p5vS_:l&,p5vS_:l&
Username@455,[x??9CVQ,[x??9CVQ
Username@456,w;[P6By|,w;[P6By|
Username@457,0C|q\UxW,0C|q\UxW
Username@458,1wAm.|!),1wAm.|!)
Username@459,$im1}L5&,$im1}L5&
Username@460,?2mPA5b?,?2mPA5b?
Username@461,K56Y+ayW,K56Y+ayW
Username@462,Jy0Qdw$d,Jy0Qdw$d
Username@463,Q08Y~#y~,Q08Y~#y~
Username@464,|c4;K-sD,|c4;K-sD
Username@465,&L51-YBg,&L51-YBg
Username@466,'XVAjE9\,'XVAjE9\
Username@467,_Xh_414>,_Xh_414>
Username@468,"z:4|,l3P","z:4|,l3P"
Username@469,oK1{co`g,oK1{co`g
Username@470,"25""fjP9!","25""fjP9!"
Username@471,k-8{O*N&,k-8{O*N&
Username@472,8)@_LEfW,8)@_LEfW
Username@473,qs{I'4p_,qs{I'4p_
Username@474,e=*j7#>Z,e=*j7#>Z
Username@475,M]]Ad5qE,M]]Ad5qE
Username@476,bZSf*8PQ,bZSf*8PQ
Username@477,h0U\|(p2,h0U\|(p2
Username@478,R?CF4`?o,R?CF4`?o
Username@479,R%Ep-g]5,R%Ep-g]5
Username@480,LD7{k7ow,LD7{k7ow
Username@481,"8.,\rGqx","8.,\rGqx"
Username@482,u~G[5d/V,u~G[5d/V
Username@483,"x""\~)2Z,","x""\~)2Z,"
Username@484,2Hk/@_f`,2Hk/@_f`
Username@485,m1WIa$g{,m1WIa$g{
Username@486,"w""7JB!aP","w""7JB!aP"
Username@487,Oj>h=3kC,Oj>h=3kC
Username@488,"Xa\_m""3*","Xa\_m""3*"
Username@489,"3p*""XbWy","3p*""XbWy"
Username@490,I6v_vo+=,I6v_vo+=
Username@491,C3VJ_QzG,C3VJ_QzG
Username@492,=[;iuW1.,=[;iuW1.
Username@493,E99Y]Hmm,E99Y]Hmm
Username@494,S1hA;{S7,S1hA;{S7
Username@495,5T5X[oPZ,5T5X[oPZ
Username@496,"wX[8lG"".","wX[8lG""."
Username@497,:f[llR6z,:f[llR6z
Username@498,")92,t2dQ",")92,t2dQ"
Username@499,5J6<#r2s,5J6<#r2s
Username@500,9Mw#HjgI,9Mw#HjgI
